rank	motif_DB	motif_ID	motif_alt_ID	consensus	p-value	adj_p-value	E-value	tests	FASTA_max	pos	neg	PWM_min	TP	%TP	FP	%FP
1	../../LFS/genomeData/JASPAR_motifs.meme	MA1100.2	ASCL1	VGCAGCTGCN	2.60e-57	2.45e-54	1.83e-51	945	410	410	1230	2.22	303	73.90	360	29.27
2	../../LFS/genomeData/JASPAR_motifs.meme	MA1604.1	Ebf2	NYCCCAAGGGANN	3.77e-51	2.20e-48	1.64e-45	583	410	410	1230	2.32	217	52.93	178	14.47
3	../../LFS/genomeData/JASPAR_motifs.meme	MA1472.1	BHLHA15(var.2)	RVCAGCTGYB	1.05e-49	9.16e-47	6.83e-44	876	410	410	1230	3.12	247	60.24	249	20.24
4	../../LFS/genomeData/JASPAR_motifs.meme	MA1637.1	EBF3	NYCCCAAGGGANN	3.40e-47	2.06e-44	1.53e-41	605	410	410	1230	2.84	199	48.54	157	12.76
5	../../LFS/genomeData/JASPAR_motifs.meme	MA1631.1	ASCL1(var.2)	NNGCACCTGCYNB	5.19e-46	3.73e-43	2.78e-40	718	410	410	1230	1.77	253	61.71	280	22.76
6	../../LFS/genomeData/JASPAR_motifs.meme	MA0048.2	NHLH1	CGCAGCTGCK	2.25e-45	1.22e-42	9.07e-40	541	410	410	1230	1.04	253	61.71	283	23.01
7	../../LFS/genomeData/JASPAR_motifs.meme	MA1619.1	Ptf1a(var.2)	NNACAGCTGTNN	6.45e-42	4.45e-39	3.32e-36	690	410	410	1230	1.85	255	62.20	305	24.80
8	../../LFS/genomeData/JASPAR_motifs.meme	MA0816.1	Ascl2	ARCAGCTGCY	3.23e-40	2.00e-37	1.49e-34	620	410	410	1230	1.33	250	60.98	301	24.47
9	../../LFS/genomeData/JASPAR_motifs.meme	MA1620.1	Ptf1a(var.3)	NVACACCTGTNN	2.88e-40	2.24e-37	1.67e-34	779	410	410	1230	1.2	294	71.71	422	34.31
10	../../LFS/genomeData/JASPAR_motifs.meme	MA0499.2	MYOD1	NNGCACCTGTCNB	1.27e-39	9.07e-37	6.77e-34	716	410	410	1230	1.08	287	70.00	405	32.93
11	../../LFS/genomeData/JASPAR_motifs.meme	MA0830.2	TCF4	NNGCACCTGCCNN	1.44e-39	1.13e-36	8.44e-34	787	410	410	1230	2.23	239	58.29	277	22.52
12	../../LFS/genomeData/JASPAR_motifs.meme	MA1635.1	BHLHE22(var.2)	NVCAGCTGBN	3.27e-39	2.00e-36	1.49e-33	612	410	410	1230	7.13	211	51.46	214	17.40
13	../../LFS/genomeData/JASPAR_motifs.meme	MA0154.4	EBF1	NNTCCCCAGGGGANN	8.40e-39	4.80e-36	3.58e-33	571	410	410	1230	2.88	181	44.15	154	12.52
14	../../LFS/genomeData/JASPAR_motifs.meme	MA1641.1	MYF5	NVACAGCTGTBN	8.75e-39	5.71e-36	4.26e-33	652	410	410	1230	1.33	256	62.44	324	26.34
15	../../LFS/genomeData/JASPAR_motifs.meme	MA1648.1	TCF12(var.2)	NNCACCTGCNN	3.00e-38	2.29e-35	1.71e-32	764	410	410	1230	1.05	295	71.95	437	35.53
16	../../LFS/genomeData/JASPAR_motifs.meme	MA1621.1	Rbpjl	NNVACACCTGTBNN	2.99e-38	2.34e-35	1.75e-32	785	410	410	1230	1.25	288	70.24	416	33.82
17	../../LFS/genomeData/JASPAR_motifs.meme	MA0761.2	ETV1	NNACAGGAAGTGNN	6.67e-37	3.90e-34	2.91e-31	584	410	410	1230	1.79	202	49.27	205	16.67
18	../../LFS/genomeData/JASPAR_motifs.meme	MA0500.2	MYOG	NDRCAGCTGYHN	1.08e-36	6.30e-34	4.70e-31	583	410	410	1230	1.3	245	59.76	307	24.96
19	../../LFS/genomeData/JASPAR_motifs.meme	MA0522.3	TCF3	NVCACCTGCNN	3.18e-35	1.96e-32	1.47e-29	617	410	410	1230	1.02	259	63.17	352	28.62
20	../../LFS/genomeData/JASPAR_motifs.meme	MA0764.2	ETV4	RCAGGAAGBV	1.06e-34	6.80e-32	5.08e-29	642	410	410	1230	11.7	118	28.78	62	5.04
21	../../LFS/genomeData/JASPAR_motifs.meme	MA1508.1	IKZF1	VVAACAGGAARN	1.80e-34	1.16e-31	8.62e-29	642	410	410	1230	2.74	177	43.17	164	13.33
22	../../LFS/genomeData/JASPAR_motifs.meme	MA0062.3	GABPA	NNCACTTCCTGTNN	5.18e-33	3.15e-30	2.35e-27	608	410	410	1230	1.42	219	53.41	263	21.38
23	../../LFS/genomeData/JASPAR_motifs.meme	MA0521.1	Tcf12	RACAGCTGSNV	1.98e-32	1.16e-29	8.67e-27	588	410	410	1230	1.66	232	56.59	298	24.23
24	../../LFS/genomeData/JASPAR_motifs.meme	MA1618.1	Ptf1a	NNACAGATGTTNN	1.37e-29	8.86e-27	6.61e-24	649	410	410	1230	1.03	259	63.17	387	31.46
25	../../LFS/genomeData/JASPAR_motifs.meme	MA0098.3	ETS1	ACCGGAARTR	9.84e-29	2.18e-26	1.63e-23	222	410	410	1230	1.03	127	30.98	95	7.72
26	../../LFS/genomeData/JASPAR_motifs.meme	MA1109.1	NEUROD1	NRACAGATGGYNN	7.93e-29	4.47e-26	3.34e-23	564	410	410	1230	1.07	231	56.34	317	25.77
27	../../LFS/genomeData/JASPAR_motifs.meme	MA0820.1	FIGLA	WMCACCTGKW	1.01e-28	8.57e-26	6.40e-23	848	410	410	1230	1.07	301	73.41	519	42.20
28	../../LFS/genomeData/JASPAR_motifs.meme	MA0076.2	ELK4	BCRCTTCCGGB	3.46e-28	9.78e-26	7.30e-23	283	410	410	1230	1.04	147	35.85	133	10.81
29	../../LFS/genomeData/JASPAR_motifs.meme	MA0474.2	ERG	ACCGGAARTV	5.23e-28	1.17e-25	8.70e-23	223	410	410	1230	1.03	126	30.73	96	7.80
30	../../LFS/genomeData/JASPAR_motifs.meme	MA1123.2	TWIST1	NNDCCAGATGTBN	7.28e-28	4.29e-25	3.20e-22	589	410	410	1230	1.03	239	58.29	344	27.97
31	../../LFS/genomeData/JASPAR_motifs.meme	MA0598.3	EHF	NNCACTTCCTGTTNN	9.96e-27	4.65e-24	3.47e-21	467	410	410	1230	1.04	204	49.76	263	21.38
32	../../LFS/genomeData/JASPAR_motifs.meme	MA1484.1	ETS2	DACCGGAAGY	3.85e-26	6.63e-24	4.94e-21	172	410	410	1230	1.03	104	25.37	67	5.45
33	../../LFS/genomeData/JASPAR_motifs.meme	MA0640.2	ELF3	NNCCACTTCCTGNT	2.58e-26	1.54e-23	1.15e-20	597	410	410	1230	1.07	237	57.80	349	28.37
34	../../LFS/genomeData/JASPAR_motifs.meme	MA0136.2	ELF5	AMSMGGAAGTD	5.83e-25	2.52e-22	1.88e-19	433	410	410	1230	1.14	181	44.15	220	17.89
35	../../LFS/genomeData/JASPAR_motifs.meme	MA0103.3	ZEB1	SNCACCTGSVN	7.18e-24	5.49e-21	4.09e-18	764	410	410	1230	2.33	241	58.78	377	30.65
36	../../LFS/genomeData/JASPAR_motifs.meme	MA0473.3	ELF1	RDVCAGGAAGTGVN	2.50e-23	1.25e-20	9.31e-18	499	410	410	1230	1.26	188	45.85	246	20.00
37	../../LFS/genomeData/JASPAR_motifs.meme	MA0760.1	ERF	ACCGGAAGTR	1.96e-22	3.02e-20	2.25e-17	154	410	410	1230	1.04	92	22.44	61	4.96
38	../../LFS/genomeData/JASPAR_motifs.meme	MA0080.5	SPI1	NDRAAAGAGGAAGTGARANN	2.23e-22	8.48e-20	6.33e-17	381	410	410	1230	1.72	147	35.85	161	13.09
39	../../LFS/genomeData/JASPAR_motifs.meme	MA0607.1	Bhlha15	SCATATGT	3.07e-22	1.58e-19	1.18e-16	514	410	410	1230	1.03	208	50.73	302	24.55
40	../../LFS/genomeData/JASPAR_motifs.meme	MA0745.2	SNAI2	NBGCACCTGTMNY	3.58e-22	1.64e-19	1.23e-16	459	410	410	1230	1.06	192	46.83	263	21.38
41	../../LFS/genomeData/JASPAR_motifs.meme	MA1642.1	NEUROG2(var.2)	NNVACAGATGGNN	6.00e-22	3.23e-19	2.41e-16	538	410	410	1230	1.19	202	49.27	289	23.50
42	../../LFS/genomeData/JASPAR_motifs.meme	MA0156.2	FEV	ACCGGAAGTN	4.55e-21	7.51e-19	5.60e-16	165	410	410	1230	1.04	94	22.93	69	5.61
43	../../LFS/genomeData/JASPAR_motifs.meme	MA1467.1	ATOH1(var.2)	AACAGCTGTC	5.73e-21	2.27e-18	1.69e-15	396	410	410	1230	1.74	149	36.34	173	14.07
44	../../LFS/genomeData/JASPAR_motifs.meme	MA1558.1	SNAI1	DRCAGGTGYD	2.44e-20	1.60e-17	1.19e-14	656	410	410	1230	3.58	169	41.22	221	17.97
45	../../LFS/genomeData/JASPAR_motifs.meme	MA1623.1	Stat2	RGAAACAGAAASH	1.13e-19	4.56e-17	3.40e-14	405	410	410	1230	1.06	171	41.71	230	18.70
46	../../LFS/genomeData/JASPAR_motifs.meme	MA0599.1	KLF5	GCCCCDCCCH	2.80e-19	1.74e-16	1.30e-13	621	410	410	1230	8.58	112	27.32	108	8.78
47	../../LFS/genomeData/JASPAR_motifs.meme	MA0081.2	SPIB	TYTCACTTCCTCTTTY	6.08e-19	2.19e-16	1.64e-13	361	410	410	1230	3.54	99	24.15	86	6.99
48	../../LFS/genomeData/JASPAR_motifs.meme	MA0762.1	ETV2	AACCGGAAATR	2.47e-18	2.80e-16	2.09e-13	113	410	410	1230	1.39	62	15.12	31	2.52
49	../../LFS/genomeData/JASPAR_motifs.meme	MA0475.2	FLI1	ACCGGAARTR	3.47e-18	4.86e-16	3.62e-13	140	410	410	1230	1.02	81	19.76	59	4.80
50	../../LFS/genomeData/JASPAR_motifs.meme	MA0698.1	ZBTB18	NATCCAGATGTKB	1.21e-17	3.22e-15	2.40e-12	267	410	410	1230	1.2	117	28.54	126	10.24
51	../../LFS/genomeData/JASPAR_motifs.meme	MA0750.2	ZBTB7A	NVCCGGAAGTGSV	1.61e-17	4.99e-15	3.72e-12	310	410	410	1230	1.2	128	31.22	149	12.11
52	../../LFS/genomeData/JASPAR_motifs.meme	MA1103.2	FOXK2	DDGTAAACANN	2.21e-17	6.14e-15	4.58e-12	278	410	410	1230	1.3	107	26.10	108	8.78
53	../../LFS/genomeData/JASPAR_motifs.meme	MA1559.1	SNAI3	RRCAGGTGYA	4.16e-17	1.83e-14	1.37e-11	440	410	410	1230	1.36	168	40.98	241	19.59
54	../../LFS/genomeData/JASPAR_motifs.meme	MA0765.2	ETV5	NSACTTCCGSN	5.30e-17	2.09e-14	1.56e-11	395	410	410	1230	1.12	150	36.59	200	16.26
55	../../LFS/genomeData/JASPAR_motifs.meme	MA0517.1	STAT1::STAT2	THAGTTTCRKTTTCY	2.68e-16	4.55e-14	3.39e-11	170	410	410	1230	1.16	86	20.98	75	6.10
56	../../LFS/genomeData/JASPAR_motifs.meme	MA0665.1	MSC	AACAGCTGTT	1.91e-16	5.86e-14	4.37e-11	306	410	410	1230	2.51	97	23.66	94	7.64
57	../../LFS/genomeData/JASPAR_motifs.meme	MA0792.1	POU5F1B	TATGCWAAT	5.35e-16	1.03e-13	7.70e-11	193	410	410	1230	6.63	41	10.00	12	0.98
58	../../LFS/genomeData/JASPAR_motifs.meme	MA0850.1	FOXP3	RTAAACA	2.38e-16	1.06e-13	7.91e-11	445	410	410	1230	1.44	127	30.98	154	12.52
59	../../LFS/genomeData/JASPAR_motifs.meme	MA0627.2	POU2F3	NWTATGCAAATNH	9.57e-16	1.43e-13	1.06e-10	149	410	410	1230	15.2	30	7.32	3	0.24
60	../../LFS/genomeData/JASPAR_motifs.meme	MA0645.1	ETV6	MSCGGAAGTR	6.56e-16	1.71e-13	1.27e-10	260	410	410	1230	1.03	119	29.02	140	11.38
61	../../LFS/genomeData/JASPAR_motifs.meme	MA1570.1	TFAP4(var.2)	AHCATRTGDT	9.86e-16	5.50e-13	4.11e-10	558	410	410	1230	1.43	178	43.41	276	22.44
62	../../LFS/genomeData/JASPAR_motifs.meme	MA1468.1	ATOH7	AVCATATGBY	5.58e-15	2.27e-12	1.70e-9	407	410	410	1230	1.08	157	38.29	231	18.78
63	../../LFS/genomeData/JASPAR_motifs.meme	MA0047.3	FOXA2	RWGTAAACANN	1.81e-14	4.37e-12	3.26e-9	242	410	410	1230	1.54	84	20.49	80	6.50
64	../../LFS/genomeData/JASPAR_motifs.meme	MA0052.4	MEF2A	DDCTAAAAATAGMHH	2.63e-14	5.39e-12	4.02e-9	205	410	410	1230	1.33	89	21.71	90	7.32
65	../../LFS/genomeData/JASPAR_motifs.meme	MA0050.2	IRF1	NTTYASTTTCACTTTCDBTTT	3.58e-14	5.59e-12	4.17e-9	156	410	410	1230	1.47	77	18.78	69	5.61
66	../../LFS/genomeData/JASPAR_motifs.meme	MA1683.1	FOXA3	DWGTAAACANN	1.97e-14	5.94e-12	4.43e-9	301	410	410	1230	1.69	85	20.73	82	6.67
67	../../LFS/genomeData/JASPAR_motifs.meme	MA0746.2	SP3	NGCCACGCCCMCH	2.88e-14	6.43e-12	4.80e-9	223	410	410	1230	1.89	84	20.49	81	6.59
68	../../LFS/genomeData/JASPAR_motifs.meme	MA0481.3	FOXP1	NDGTAAACANH	2.92e-14	7.98e-12	5.95e-9	273	410	410	1230	1.46	91	22.20	94	7.64
69	../../LFS/genomeData/JASPAR_motifs.meme	MA1485.1	FERD3L	GCRMCAGCTGTYAC	1.22e-13	1.09e-11	8.16e-9	90	410	410	1230	1.22	51	12.44	30	2.44
70	../../LFS/genomeData/JASPAR_motifs.meme	MA0785.1	POU2F1	AWTATGCWAATK	7.54e-14	1.12e-11	8.38e-9	149	410	410	1230	3.12	47	11.46	24	1.95
71	../../LFS/genomeData/JASPAR_motifs.meme	MA1606.1	Foxf1	DWRTAAACANN	5.16e-14	1.22e-11	9.13e-9	237	410	410	1230	1.02	108	26.34	129	10.49
72	../../LFS/genomeData/JASPAR_motifs.meme	MA0691.1	TFAP4	AWCAGCTGWT	5.25e-14	1.82e-11	1.36e-8	347	410	410	1230	2.61	96	23.41	105	8.54
73	../../LFS/genomeData/JASPAR_motifs.meme	MA0852.2	FOXK1	NRDGTAAACAAGNN	1.17e-13	3.01e-11	2.24e-8	256	410	410	1230	1.19	103	25.12	121	9.84
74	../../LFS/genomeData/JASPAR_motifs.meme	MA0461.2	Atoh1	RMCATATGBY	1.22e-13	3.45e-11	2.57e-8	282	410	410	1230	1.03	121	29.51	159	12.93
75	../../LFS/genomeData/JASPAR_motifs.meme	MA1607.1	Foxl2	DDWATGTAAACANN	1.65e-13	3.80e-11	2.84e-8	231	410	410	1230	1.03	105	25.61	126	10.24
76	../../LFS/genomeData/JASPAR_motifs.meme	MA0033.2	FOXL1	RTAAACA	3.71e-13	9.23e-11	6.89e-8	249	410	410	1230	1.74	82	20.00	83	6.75
77	../../LFS/genomeData/JASPAR_motifs.meme	MA0786.1	POU3F1	WTATGCWAATKW	6.88e-13	9.91e-11	7.39e-8	144	410	410	1230	1.52	63	15.37	51	4.15
78	../../LFS/genomeData/JASPAR_motifs.meme	MA0507.1	POU2F2	YDNATTTGCATRT	1.33e-12	1.32e-10	9.83e-8	99	410	410	1230	3.12	45	10.98	25	2.03
79	../../LFS/genomeData/JASPAR_motifs.meme	MA0091.1	TAL1::TCF3	NSAMCATCTGKT	5.28e-13	1.44e-10	1.07e-7	273	410	410	1230	1.63	101	24.63	121	9.84
80	../../LFS/genomeData/JASPAR_motifs.meme	MA0039.4	KLF4	NNCCCCACCCHN	2.41e-13	1.80e-10	1.34e-7	747	410	410	1230	3.22	137	33.41	197	16.02
81	../../LFS/genomeData/JASPAR_motifs.meme	MA0480.1	Foxo1	TSYTGTTTACH	6.84e-13	2.11e-10	1.58e-7	309	410	410	1230	1.2	124	30.24	171	13.90
82	../../LFS/genomeData/JASPAR_motifs.meme	MA1638.1	HAND2	NVCAGATGNN	5.92e-13	3.23e-10	2.41e-7	546	410	410	1230	2.66	172	41.95	285	23.17
83	../../LFS/genomeData/JASPAR_motifs.meme	MA0787.1	POU3F2	WTATGCWAATKA	3.69e-12	3.76e-10	2.81e-7	102	410	410	1230	1.92	44	10.73	25	2.03
84	../../LFS/genomeData/JASPAR_motifs.meme	MA0788.1	POU3F3	WWTATGCWAATTW	7.55e-12	7.70e-10	5.74e-7	102	410	410	1230	4.34	31	7.56	10	0.81
85	../../LFS/genomeData/JASPAR_motifs.meme	MA0846.1	FOXC2	WAWGTAAACAWW	7.52e-12	1.89e-9	1.41e-6	251	410	410	1230	1.58	87	21.22	100	8.13
86	../../LFS/genomeData/JASPAR_motifs.meme	MA0148.4	FOXA1	WWGTAAACATNN	9.45e-12	2.17e-9	1.62e-6	230	410	410	1230	1.08	98	23.90	123	10.00
87	../../LFS/genomeData/JASPAR_motifs.meme	MA0497.1	MEF2C	DDDCYAAAAATAGMW	2.17e-11	3.31e-9	2.47e-6	153	410	410	1230	1.69	66	16.10	63	5.12
88	../../LFS/genomeData/JASPAR_motifs.meme	MA0593.1	FOXP2	RWGTAAACAVR	2.13e-11	3.96e-9	2.95e-6	186	410	410	1230	1.41	80	19.51	89	7.24
89	../../LFS/genomeData/JASPAR_motifs.meme	MA0784.1	POU1F1	AWTATGCWAATKAG	4.76e-11	4.14e-9	3.09e-6	87	410	410	1230	1.72	40	9.76	23	1.87
90	../../LFS/genomeData/JASPAR_motifs.meme	MA1115.1	POU5F1	WHATGCAAATN	1.62e-11	4.72e-9	3.52e-6	291	410	410	1230	3.72	60	14.63	52	4.23
91	../../LFS/genomeData/JASPAR_motifs.meme	MA1647.1	PRDM4	DDCTGTTTCWN	9.37e-12	5.23e-9	3.90e-6	558	410	410	1230	1.19	173	42.20	299	24.31
92	../../LFS/genomeData/JASPAR_motifs.meme	MA0832.1	Tcf21	RYAACAGCTGTTRN	6.21e-11	5.40e-9	4.03e-6	87	410	410	1230	2.09	39	9.51	22	1.79
93	../../LFS/genomeData/JASPAR_motifs.meme	MA0759.1	ELK3	ACCGGAAGTD	4.43e-11	5.71e-9	4.26e-6	129	410	410	1230	1.07	64	15.61	61	4.96
94	../../LFS/genomeData/JASPAR_motifs.meme	MA0789.1	POU3F4	TATGCWAAT	8.90e-11	1.03e-8	7.70e-6	116	410	410	1230	1.73	52	12.68	42	3.41
95	../../LFS/genomeData/JASPAR_motifs.meme	MA1107.2	KLF9	MNGCCACACCCACHYV	2.53e-11	1.32e-8	9.83e-6	522	410	410	1230	2.07	145	35.37	233	18.94
96	../../LFS/genomeData/JASPAR_motifs.meme	MA0614.1	Foxj2	RTAAACAA	5.98e-11	1.67e-8	1.24e-5	279	410	410	1230	1.25	101	24.63	135	10.98
97	../../LFS/genomeData/JASPAR_motifs.meme	MA1529.1	NHLH2	GGGNCGCAGCTGCGYCCC	1.42e-10	1.75e-8	1.30e-5	123	410	410	1230	1.13	62	15.12	60	4.88
98	../../LFS/genomeData/JASPAR_motifs.meme	MA1515.1	KLF2	NRCCACRCCCH	4.70e-11	2.76e-8	2.06e-5	586	410	410	1230	3.95	82	20.00	95	7.72
99	../../LFS/genomeData/JASPAR_motifs.meme	MA0493.1	Klf1	RRCCACACCCW	2.82e-10	1.23e-7	9.18e-5	436	410	410	1230	4.7	76	18.54	88	7.15
100	../../LFS/genomeData/JASPAR_motifs.meme	MA0147.3	MYC	NNCCACGTGCNB	9.23e-10	1.93e-7	1.44e-4	209	410	410	1230	1.03	88	21.46	116	9.43
101	../../LFS/genomeData/JASPAR_motifs.meme	MA0687.1	SPIC	HAAAAGVGGAAGTA	1.44e-9	3.12e-7	2.33e-4	216	410	410	1230	1.22	84	20.49	109	8.86
102	../../LFS/genomeData/JASPAR_motifs.meme	MA0851.1	Foxj3	NDAADGTAAACAAANNM	2.24e-9	3.22e-7	2.40e-4	144	410	410	1230	1.09	67	16.34	76	6.18
103	../../LFS/genomeData/JASPAR_motifs.meme	MA0058.3	MAX	AVCACGTGNY	2.77e-9	3.68e-7	2.75e-4	133	410	410	1230	1.82	48	11.71	42	3.41
104	../../LFS/genomeData/JASPAR_motifs.meme	MA0622.1	Mlxip	BCACGTGK	4.66e-9	4.01e-7	2.99e-4	86	410	410	1230	7.04	36	8.78	24	1.95
105	../../LFS/genomeData/JASPAR_motifs.meme	MA1517.1	KLF6	NRCCACGCCCH	1.19e-9	4.54e-7	3.39e-4	383	410	410	1230	2.92	74	18.05	88	7.15
106	../../LFS/genomeData/JASPAR_motifs.meme	MA0603.1	Arntl	NGTCACGTGH	3.88e-9	6.02e-7	4.49e-4	155	410	410	1230	1.85	47	11.46	41	3.33
107	../../LFS/genomeData/JASPAR_motifs.meme	MA1560.1	SOHLH2	YGCACGTGCN	7.62e-9	6.63e-7	4.94e-4	87	410	410	1230	1.1	45	10.98	39	3.17
108	../../LFS/genomeData/JASPAR_motifs.meme	MA0668.1	NEUROD2	RMCATATGBY	3.96e-9	8.20e-7	6.12e-4	207	410	410	1230	1.11	82	20.00	108	8.78
109	../../LFS/genomeData/JASPAR_motifs.meme	MA1652.1	ZKSCAN5	NNRGGARGTGAGRR	1.87e-9	8.44e-7	6.30e-4	451	410	410	1230	1.17	152	37.07	269	21.87
110	../../LFS/genomeData/JASPAR_motifs.meme	MA0847.2	FOXD2	VYWAWGTAAACAW	6.01e-9	8.72e-7	6.51e-4	145	410	410	1230	1.2	62	15.12	69	5.61
111	../../LFS/genomeData/JASPAR_motifs.meme	MA0004.1	Arnt	CACGTG	7.62e-9	9.06e-7	6.76e-4	119	410	410	1230	3.71	45	10.98	39	3.17
112	../../LFS/genomeData/JASPAR_motifs.meme	MA0831.2	TFE3	CACGTGAY	5.26e-9	1.17e-6	8.75e-4	223	410	410	1230	4.14	43	10.49	35	2.85
113	../../LFS/genomeData/JASPAR_motifs.meme	MA0079.4	SP1	BWRGCCACGCCCMCH	2.94e-8	1.59e-6	1.18e-3	54	410	410	1230	8	21	5.12	7	0.57
114	../../LFS/genomeData/JASPAR_motifs.meme	MA1512.1	KLF11	SCCACGCCCMC	5.82e-9	1.87e-6	1.39e-3	321	410	410	1230	1.94	93	22.68	133	10.81
115	../../LFS/genomeData/JASPAR_motifs.meme	MA0845.1	FOXB1	WATGTAAATAT	1.30e-8	1.88e-6	1.40e-3	144	410	410	1230	1.1	63	15.37	73	5.93
116	../../LFS/genomeData/JASPAR_motifs.meme	MA0667.1	MYF6	AACARCTGTT	8.92e-9	2.01e-6	1.50e-3	225	410	410	1230	4.51	46	11.22	41	3.33
117	../../LFS/genomeData/JASPAR_motifs.meme	MA0032.2	FOXC1	WAWGTAAAYAW	1.23e-8	2.46e-6	1.83e-3	200	410	410	1230	1.02	84	20.49	116	9.43
118	../../LFS/genomeData/JASPAR_motifs.meme	MA0649.1	HEY2	GRCACGTGYC	2.11e-8	2.48e-6	1.85e-3	118	410	410	1230	1.07	55	13.41	59	4.80
119	../../LFS/genomeData/JASPAR_motifs.meme	MA0825.1	MNT	RVCACGTGMH	2.84e-8	2.72e-6	2.03e-3	96	410	410	1230	1.76	44	10.73	40	3.25
120	../../LFS/genomeData/JASPAR_motifs.meme	MA0692.1	TFEB	RYCACGTGAC	1.33e-8	3.56e-6	2.66e-3	268	410	410	1230	1.25	93	22.68	136	11.06
121	../../LFS/genomeData/JASPAR_motifs.meme	MA1516.1	KLF3	GRCCRCGCCCH	2.67e-8	3.68e-6	2.74e-3	138	410	410	1230	1.03	63	15.37	75	6.10
122	../../LFS/genomeData/JASPAR_motifs.meme	MA0848.1	FOXO4	GTAAACA	1.48e-8	4.16e-6	3.10e-3	281	410	410	1230	1.07	106	25.85	166	13.50
123	../../LFS/genomeData/JASPAR_motifs.meme	MA0685.1	SP4	BWRGCCACGCCCMCTYH	1.40e-7	7.12e-6	5.31e-3	51	410	410	1230	12.4	13	3.17	1	0.08
124	../../LFS/genomeData/JASPAR_motifs.meme	MA1653.1	ZNF148	YBCCCCTCCCCC	1.68e-8	8.52e-6	6.36e-3	508	410	410	1230	1.99	134	32.68	234	19.02
125	../../LFS/genomeData/JASPAR_motifs.meme	MA0664.1	MLXIPL	RTCACGTGAT	9.68e-8	9.10e-6	6.79e-3	94	410	410	1230	1.89	34	8.29	26	2.11
126	../../LFS/genomeData/JASPAR_motifs.meme	MA0632.2	TCFL5	KCACGCGCMC	2.11e-7	1.31e-5	9.75e-3	62	410	410	1230	2.69	21	5.12	9	0.73
127	../../LFS/genomeData/JASPAR_motifs.meme	MA0042.2	FOXI1	GTAAACA	7.46e-8	1.66e-5	1.24e-2	222	410	410	1230	2.03	62	15.12	76	6.18
128	../../LFS/genomeData/JASPAR_motifs.meme	MA0030.1	FOXF2	BNAASGTAAACAAD	2.50e-7	1.68e-5	1.25e-2	67	410	410	1230	1.1	36	8.78	31	2.52
129	../../LFS/genomeData/JASPAR_motifs.meme	MA0108.2	TBP	STATAAAWRSVVVBN	1.34e-7	1.79e-5	1.33e-2	133	410	410	1230	1.57	46	11.22	47	3.82
130	../../LFS/genomeData/JASPAR_motifs.meme	MA0741.1	KLF16	GMCACGCCCCC	4.03e-8	1.83e-5	1.37e-2	455	410	410	1230	3.51	96	23.41	147	11.95
131	../../LFS/genomeData/JASPAR_motifs.meme	MA0849.1	FOXO6	GTAAACA	1.29e-7	2.82e-5	2.10e-2	218	410	410	1230	7.44	38	9.27	33	2.68
132	../../LFS/genomeData/JASPAR_motifs.meme	MA0625.1	NFATC3	WTTTTCCRYH	8.77e-8	3.21e-5	2.39e-2	366	410	410	1230	1.04	128	31.22	227	18.46
133	../../LFS/genomeData/JASPAR_motifs.meme	MA0827.1	OLIG3	AMCATATGBY	1.91e-7	3.59e-5	2.68e-2	188	410	410	1230	2.06	53	12.93	61	4.96
134	../../LFS/genomeData/JASPAR_motifs.meme	MA1511.1	KLF10	GMCACACCCMC	9.68e-8	3.61e-5	2.69e-2	373	410	410	1230	1.04	131	31.95	235	19.11
135	../../LFS/genomeData/JASPAR_motifs.meme	MA1489.1	FOXN3	GTAAACAA	3.85e-7	3.66e-5	2.73e-2	95	410	410	1230	1.21	39	9.51	37	3.01
136	../../LFS/genomeData/JASPAR_motifs.meme	MA0002.2	RUNX1	BBYTGTGGTTT	5.92e-8	4.24e-5	3.16e-2	716	410	410	1230	1.94	150	36.59	281	22.85
137	../../LFS/genomeData/JASPAR_motifs.meme	MA1627.1	Wt1	YBCCTCCCCCACVB	9.42e-8	4.49e-5	3.35e-2	477	410	410	1230	10.3	54	13.17	61	4.96
138	../../LFS/genomeData/JASPAR_motifs.meme	MA0528.2	ZNF263	VNGGGGAGGASG	9.87e-8	5.66e-5	4.22e-2	573	410	410	1230	8.15	76	18.54	106	8.62
139	../../LFS/genomeData/JASPAR_motifs.meme	MA1522.1	MAZ	BBCCCCTCCCY	2.03e-7	5.93e-5	4.42e-2	292	410	410	1230	6.66	83	20.24	124	10.08
140	../../LFS/genomeData/JASPAR_motifs.meme	MA1464.1	ARNT2	GTCACGTGMN	7.24e-7	6.01e-5	4.48e-2	83	410	410	1230	1.06	41	10.00	42	3.41
141	../../LFS/genomeData/JASPAR_motifs.meme	MA1099.2	HES1	GGCRCGTGBC	7.24e-7	6.45e-5	4.81e-2	89	410	410	1230	1.21	41	10.00	42	3.41
142	../../LFS/genomeData/JASPAR_motifs.meme	MA0779.1	PAX1	CGTCACGCWTGAVTGMM	2.88e-6	6.91e-5	5.15e-2	24	410	410	1230	3.49	12	2.93	2	0.16
143	../../LFS/genomeData/JASPAR_motifs.meme	MA0620.3	MITF	NNNDRTCACGTGAYHNNN	5.10e-7	8.12e-5	6.05e-2	159	410	410	1230	1.24	62	15.12	82	6.67
144	../../LFS/genomeData/JASPAR_motifs.meme	MA0823.1	HEY1	GRCACGTGCC	1.17e-6	8.81e-5	6.57e-2	75	410	410	1230	1.17	37	9.02	36	2.93
145	../../LFS/genomeData/JASPAR_motifs.meme	MA0828.1	SREBF2(var.2)	ATCACGTGAY	1.53e-6	9.49e-5	7.08e-2	62	410	410	1230	1.43	27	6.59	20	1.63
146	../../LFS/genomeData/JASPAR_motifs.meme	MA1629.1	Zic2	NDCACAGCAGGDRG	1.80e-7	1.08e-4	8.06e-2	599	410	410	1230	1.07	191	46.59	398	32.36
147	../../LFS/genomeData/JASPAR_motifs.meme	MA0626.1	Npas2	NSCACGTGTN	6.02e-7	1.16e-4	8.67e-2	193	410	410	1230	2.56	39	9.51	38	3.09
148	../../LFS/genomeData/JASPAR_motifs.meme	MA0608.1	Creb3l2	GCCACGTGD	2.06e-6	1.19e-4	8.91e-2	58	410	410	1230	3.62	24	5.85	16	1.30
149	../../LFS/genomeData/JASPAR_motifs.meme	MA0464.2	BHLHE40	VKCACGTGMC	2.03e-6	1.38e-4	1.03e-1	68	410	410	1230	1.22	34	8.29	32	2.60
150	../../LFS/genomeData/JASPAR_motifs.meme	MA1418.1	IRF3	NSRRAAMGGAAACCGAAACYR	1.01e-5	1.52e-4	1.13e-1	15	410	410	1230	1.84	11	2.68	2	0.16
151	../../LFS/genomeData/JASPAR_motifs.meme	MA0600.2	RFX2	SGTTGCCATGGYAACS	1.01e-5	1.72e-4	1.28e-1	17	410	410	1230	3.81	11	2.68	2	0.16
152	../../LFS/genomeData/JASPAR_motifs.meme	MA0014.3	PAX5	RRGCGTGACCNN	9.55e-7	1.85e-4	1.38e-1	194	410	410	1230	1.1	74	18.05	110	8.94
153	../../LFS/genomeData/JASPAR_motifs.meme	MA0660.1	MEF2B	RCTAWAAATAGC	1.01e-5	1.92e-4	1.43e-1	19	410	410	1230	1.25	14	3.41	5	0.41
154	../../LFS/genomeData/JASPAR_motifs.meme	MA0686.1	SPDEF	AMCCGGATGTR	5.04e-6	2.32e-4	1.73e-1	46	410	410	1230	1.12	25	6.10	19	1.54
155	../../LFS/genomeData/JASPAR_motifs.meme	MA0526.3	USF2	NDGTCATGTGACHN	1.04e-6	2.57e-4	1.92e-1	248	410	410	1230	3.02	57	13.90	74	6.02
156	../../LFS/genomeData/JASPAR_motifs.meme	MA1483.1	ELF2	AACCCGGAAGTR	4.76e-6	2.72e-4	2.03e-1	57	410	410	1230	1.06	30	7.32	27	2.20
157	../../LFS/genomeData/JASPAR_motifs.meme	MA0041.1	Foxd3	GWWTGTTTDTTT	1.31e-6	2.80e-4	2.09e-1	214	410	410	1230	1.12	81	19.76	127	10.33
158	../../LFS/genomeData/JASPAR_motifs.meme	MA0031.1	FOXD1	GTAAACAW	1.81e-6	4.00e-4	2.98e-1	221	410	410	1230	3.6	37	9.02	37	3.01
159	../../LFS/genomeData/JASPAR_motifs.meme	MA0653.1	IRF9	AACGAAACCGAAACT	5.87e-5	4.11e-4	3.07e-1	7	410	410	1230	1.33	7	1.71	0	0.00
160	../../LFS/genomeData/JASPAR_motifs.meme	MA0799.1	RFX4	NGTWRCCATGGYWACS	7.50e-6	4.42e-4	3.30e-1	59	410	410	1230	33.9	10	2.44	1	0.08
161	../../LFS/genomeData/JASPAR_motifs.meme	MA0624.1	NFATC1	WWTTTCCRHN	1.18e-6	5.03e-4	3.75e-1	425	410	410	1230	1.15	127	30.98	238	19.35
162	../../LFS/genomeData/JASPAR_motifs.meme	MA0871.2	TFEC	NVCACGTGACN	6.35e-6	5.33e-4	3.98e-1	84	410	410	1230	5.25	20	4.88	12	0.98
163	../../LFS/genomeData/JASPAR_motifs.meme	MA1571.1	TGIF2LX	TGACAGCTGTCA	2.16e-6	5.39e-4	4.02e-1	250	410	410	1230	1.83	73	17.80	111	9.02
164	../../LFS/genomeData/JASPAR_motifs.meme	MA0772.1	IRF7	HCGAAARYGAAAVT	1.12e-5	5.69e-4	4.24e-1	51	410	410	1230	8.28	12	2.93	3	0.24
165	../../LFS/genomeData/JASPAR_motifs.meme	MA0471.2	E2F6	VVDGGCGGGAAVV	1.69e-6	6.37e-4	4.75e-1	376	410	410	1230	2.1	77	18.78	119	9.67
166	../../LFS/genomeData/JASPAR_motifs.meme	MA0616.2	HES2	GGCACGTGYC	8.54e-6	6.48e-4	4.84e-1	76	410	410	1230	1.06	36	8.78	39	3.17
167	../../LFS/genomeData/JASPAR_motifs.meme	MA0609.2	CREM	NNDGTGACGTCACHNN	3.74e-6	6.80e-4	5.07e-1	182	410	410	1230	2.44	43	10.49	50	4.07
168	../../LFS/genomeData/JASPAR_motifs.meme	MA0518.1	Stat4	YTTCYRGGAARNVR	3.89e-6	9.41e-4	7.02e-1	242	410	410	1230	6.01	45	10.98	54	4.39
169	../../LFS/genomeData/JASPAR_motifs.meme	MA0613.1	FOXG1	RTAAACAW	1.25e-5	9.62e-4	7.17e-1	77	410	410	1230	4.52	36	8.78	40	3.25
170	../../LFS/genomeData/JASPAR_motifs.meme	MA0157.2	FOXO3	GTAAACAW	6.36e-6	9.67e-4	7.21e-1	152	410	410	1230	3.92	26	6.34	21	1.71
171	../../LFS/genomeData/JASPAR_motifs.meme	MA1564.1	SP9	RCCACGCCCMCY	2.40e-6	1.10e-3	8.18e-1	458	410	410	1230	3.24	79	19.27	125	10.16
172	../../LFS/genomeData/JASPAR_motifs.meme	MA0663.1	MLX	RTCACGTGAT	2.78e-5	1.22e-3	9.12e-1	44	410	410	1230	24.2	9	2.20	1	0.08
173	../../LFS/genomeData/JASPAR_motifs.meme	MA0162.4	EGR1	VCMCGCCCACGCVS	4.65e-6	1.42e-3	1.06e0	305	410	410	1230	8.29	39	9.51	43	3.50
174	../../LFS/genomeData/JASPAR_motifs.meme	MA0781.1	PAX9	CGTCACGCWTGASTGMM	2.37e-4	1.42e-3	1.06e0	6	410	410	1230	1.59	6	1.46	0	0.00
175	../../LFS/genomeData/JASPAR_motifs.meme	MA0819.1	CLOCK	AACACGTGTH	1.01e-5	1.44e-3	1.08e0	143	410	410	1230	9.36	14	3.41	5	0.41
176	../../LFS/genomeData/JASPAR_motifs.meme	MA1572.1	TGIF2LY	TGACAGCTGTCA	5.57e-6	1.60e-3	1.20e0	288	410	410	1230	1.37	91	22.20	157	12.76
177	../../LFS/genomeData/JASPAR_motifs.meme	MA0601.1	Arid3b	ATATTAATWAN	1.44e-5	1.90e-3	1.42e0	132	410	410	1230	1.52	42	10.24	52	4.23
178	../../LFS/genomeData/JASPAR_motifs.meme	MA0742.1	Klf12	GRCCACGCCCWHHWH	2.41e-5	2.09e-3	1.56e0	87	410	410	1230	1.44	34	8.29	38	3.09
179	../../LFS/genomeData/JASPAR_motifs.meme	MA1525.1	NFATC4	VRYGGAAAMW	7.56e-6	2.20e-3	1.64e0	292	410	410	1230	3.76	47	11.46	60	4.88
180	../../LFS/genomeData/JASPAR_motifs.meme	MA0093.3	USF1	NDGTCATGTGACHN	9.54e-6	2.26e-3	1.69e0	237	410	410	1230	2.85	59	14.39	86	6.99
181	../../LFS/genomeData/JASPAR_motifs.meme	MA1569.1	TFAP2E	YGCCYSRGGCD	5.76e-6	2.34e-3	1.74e0	406	410	410	1230	3.32	88	21.46	150	12.20
182	../../LFS/genomeData/JASPAR_motifs.meme	MA0056.2	MZF1	NNAATCCCCANNN	6.74e-6	2.38e-3	1.77e0	353	410	410	1230	1.03	120	29.27	230	18.70
183	../../LFS/genomeData/JASPAR_motifs.meme	MA1615.1	Plagl1	NNCTGGGGCCABN	4.09e-6	2.38e-3	1.77e0	582	410	410	1230	1.72	132	32.20	258	20.98
184	../../LFS/genomeData/JASPAR_motifs.meme	MA0067.1	Pax2	NGTCAYKB	4.14e-6	2.42e-3	1.80e0	585	410	410	1230	1.59	81	19.76	132	10.73
185	../../LFS/genomeData/JASPAR_motifs.meme	MA0636.1	BHLHE41	RTCACGTGAC	1.18e-4	3.30e-3	2.46e0	28	410	410	1230	7.03	10	2.44	3	0.24
186	../../LFS/genomeData/JASPAR_motifs.meme	MA0783.1	PKNOX2	TGACAGGTGTCA	8.86e-5	3.45e-3	2.57e0	39	410	410	1230	1.22	21	5.12	18	1.46
187	../../LFS/genomeData/JASPAR_motifs.meme	MA0028.2	ELK1	ACCGGAAGTR	6.15e-5	3.56e-3	2.66e0	58	410	410	1230	1.27	25	6.10	24	1.95
188	../../LFS/genomeData/JASPAR_motifs.meme	MA1139.1	FOSL2::JUNB(var.2)	DATGACGTCATH	5.30e-5	3.97e-3	2.96e0	75	410	410	1230	3.24	21	5.12	17	1.38
189	../../LFS/genomeData/JASPAR_motifs.meme	MA1145.1	FOSL2::JUND(var.2)	NNRTGACGTCAYHSN	4.64e-5	4.36e-3	3.25e0	94	410	410	1230	3.53	23	5.61	20	1.63
190	../../LFS/genomeData/JASPAR_motifs.meme	MA0104.4	MYCN	VVCCACGTGGBB	2.67e-5	4.37e-3	3.26e0	164	410	410	1230	1.71	44	10.73	58	4.72
191	../../LFS/genomeData/JASPAR_motifs.meme	MA1420.1	IRF5	CCGAAACCGAAACY	5.87e-5	4.45e-3	3.32e0	76	410	410	1230	20.2	7	1.71	0	0.00
192	../../LFS/genomeData/JASPAR_motifs.meme	MA0652.1	IRF8	HCGAAACCGAAACT	9.59e-4	4.78e-3	3.57e0	5	410	410	1230	1.37	5	1.22	0	0.00
193	../../LFS/genomeData/JASPAR_motifs.meme	MA1419.1	IRF4	HCGAAACCGAAACYA	9.59e-4	4.78e-3	3.57e0	5	410	410	1230	1.28	5	1.22	0	0.00
194	../../LFS/genomeData/JASPAR_motifs.meme	MA1475.1	CREB3L4(var.2)	GRTGACGTCAYC	5.30e-5	5.02e-3	3.75e0	95	410	410	1230	2.66	21	5.12	17	1.38
195	../../LFS/genomeData/JASPAR_motifs.meme	MA0514.1	Sox3	CCTTTGTYYY	1.35e-5	5.16e-3	3.85e0	384	410	410	1230	11	38	9.27	44	3.58
196	../../LFS/genomeData/JASPAR_motifs.meme	MA1513.1	KLF15	SCCCCGCCCCS	7.46e-5	6.10e-3	4.55e0	82	410	410	1230	34.9	16	3.90	10	0.81
197	../../LFS/genomeData/JASPAR_motifs.meme	MA0149.1	EWSR1-FLI1	GGAAGGAAGGAAGGAAGG	9.59e-4	6.69e-3	4.99e0	7	410	410	1230	17.7	5	1.22	0	0.00
198	../../LFS/genomeData/JASPAR_motifs.meme	MA0740.1	KLF14	KRCCACGCCCMCYT	7.52e-5	7.05e-3	5.26e0	94	410	410	1230	6.52	13	3.17	6	0.49
199	../../LFS/genomeData/JASPAR_motifs.meme	MA0510.2	RFX5	SGTTGCCATGGYAACV	3.39e-4	7.09e-3	5.29e0	21	410	410	1230	1.23	13	3.17	8	0.65
200	../../LFS/genomeData/JASPAR_motifs.meme	MA1655.1	ZNF341	NRGAACAGCCNN	1.46e-5	7.24e-3	5.40e0	498	410	410	1230	1.81	100	24.39	184	14.96
201	../../LFS/genomeData/JASPAR_motifs.meme	MA0259.1	ARNT::HIF1A	VBACGTGC	5.14e-5	7.83e-3	5.84e0	153	410	410	1230	1.57	40	9.76	52	4.23
202	../../LFS/genomeData/JASPAR_motifs.meme	MA0641.1	ELF4	AACCCGGAAGTR	1.99e-4	1.01e-2	7.53e0	51	410	410	1230	1.12	24	5.85	25	2.03
203	../../LFS/genomeData/JASPAR_motifs.meme	MA0678.1	OLIG2	AMCATATGKT	9.77e-5	1.01e-2	7.54e0	104	410	410	1230	1.51	36	8.78	46	3.74
204	../../LFS/genomeData/JASPAR_motifs.meme	MA0606.1	NFAT5	NTTTTCCAYN	2.64e-5	1.12e-2	8.36e0	426	410	410	1230	1.33	116	28.29	228	18.54
205	../../LFS/genomeData/JASPAR_motifs.meme	MA0621.1	mix-a	NDTTAATTAGN	3.48e-4	1.25e-2	9.30e0	36	410	410	1230	5.43	15	3.66	11	0.89
206	../../LFS/genomeData/JASPAR_motifs.meme	MA0797.1	TGIF2	TGACAGSTGTCA	1.23e-4	1.34e-2	9.99e0	110	410	410	1230	4.27	29	7.07	33	2.68

# AME (Analysis of Motif Enrichment): Version 5.4.1 compiled on Sep 28 2021 at 17:42:48
# The format of this file is described at https://meme-suite.org/meme/doc/ame-output-format.html.
# ame --o ../../data/ATAC/output/ame_MPP3_WT_shuffled --control --shuffle-- ../../data/ATAC/output/MPP3_WT.fna ../../LFS/genomeData/JASPAR_motifs.meme
